{
  "sticker": {},
  "database": {},
  "chats": {
    "6285773624127-1610161468@g.us": {
      "antidelete": true
    }
  },
  "game": {
    "siapakah": {},
    "caklontong": {},
    "family100": {},
    "tebakkalimat": {},
    "tebakkata": {},
    "asahotak": {},
    "susunkata": {},
    "tebakbendera": {},
    "tebakgambar": {},
    "tebakkabupaten": {},
    "tebaklagu": {},
    "tekateki": {},
    "tebaklirik": {},
    "tebaktebakan": {},
    "mancing": {},
    "nambang": {},
    "casino": {}
  }
}