[
    {
        "id": "6281211447160@s.whatsapp.net",
        "verified": false,
        "name": "CYF.COM BOT",
        "time": "08/07 16:12:07",
        "limit": 0,
        "limitgame": 0,
        "balance": 0,
        "premium": false,
        "xp": 0,
        "level": 0
    },
    {
        "id": "6285773624127@s.whatsapp.net",
        "verified": false,
        "name": "M. Ihsan Maulana",
        "time": "08/07 16:12:07",
        "limit": 0,
        "limitgame": 0,
        "balance": 0,
        "premium": false,
        "xp": 0,
        "level": 0
    }
]